"ID";"Leefomgeving";"Persoonskenmerken";"Perioden";"NietZoGelukkig_1";"Gelukkig_2";"NietZoTevredenMetHetLeven_3";"TevredenMetHetLeven_4"
"0";"  999";"10001";"2003JJ00";"      13";"      87";"      13";"      87"
"1";"  999";"10001";"2004JJ00";"      13";"      87";"      13";"      87"
"2";"  999";"10001";"2005JJ00";"      13";"      87";"      14";"      86"
"3";"  999";"10001";"2006JJ00";"      12";"      88";"      13";"      87"
"4";"  999";"10001";"2007JJ00";"      12";"      88";"      13";"      87"
"5";"  999";"10001";"2008JJ00";"      12";"      88";"      12";"      88"
"6";"  999";"10001";"2009JJ00";"      11";"      89";"      13";"      87"
"7";"  999";"10001";"2010XX00";"      13";"      87";"      14";"      86"
"8";"  999";"10001";"2010JJ00";"      16";"      84";"      15";"      85"
"9";"  999";"10001";"2012JJ00";"      17";"      83";"      17";"      83"
"10";"  999";"15400";"2003JJ00";"      12";"      88";"      13";"      87"
"11";"  999";"15400";"2004JJ00";"      11";"      89";"      13";"      87"
"12";"  999";"15400";"2005JJ00";"      13";"      87";"      14";"      86"
"13";"  999";"15400";"2006JJ00";"      10";"      90";"      13";"      87"
"14";"  999";"15400";"2007JJ00";"      11";"      89";"      12";"      88"
"15";"  999";"15400";"2008JJ00";"      12";"      88";"      11";"      89"
"16";"  999";"15400";"2009JJ00";"      10";"      90";"      12";"      88"
"17";"  999";"15400";"2010XX00";"      11";"      89";"      13";"      87"
"18";"  999";"15400";"2010JJ00";"      14";"      86";"      15";"      85"
"19";"  999";"15400";"2012JJ00";"      18";"      82";"      17";"      83"
"20";"  999";"15450";"2003JJ00";"      14";"      86";"      14";"      86"
"21";"  999";"15450";"2004JJ00";"      14";"      86";"      14";"      86"
"22";"  999";"15450";"2005JJ00";"      14";"      86";"      14";"      86"
"23";"  999";"15450";"2006JJ00";"      13";"      87";"      14";"      86"
"24";"  999";"15450";"2007JJ00";"      13";"      87";"      13";"      87"
"25";"  999";"15450";"2008JJ00";"      12";"      88";"      12";"      88"
"26";"  999";"15450";"2009JJ00";"      13";"      87";"      13";"      87"
"27";"  999";"15450";"2010XX00";"      14";"      86";"      15";"      85"
"28";"  999";"15450";"2010JJ00";"      18";"      82";"      16";"      84"
"29";"  999";"15450";"2012JJ00";"      16";"      84";"      17";"      83"
"30";"  999";"53110";"2003JJ00";"       9";"      91";"      11";"      89"
"31";"  999";"53110";"2004JJ00";"      10";"      90";"      12";"      88"
"32";"  999";"53110";"2005JJ00";"      11";"      89";"      13";"      87"
"33";"  999";"53110";"2006JJ00";"       8";"      92";"      12";"      88"
"34";"  999";"53110";"2007JJ00";"      10";"      90";"      10";"      90"
"35";"  999";"53110";"2008JJ00";"       7";"      93";"       9";"      91"
"36";"  999";"53110";"2009JJ00";"       9";"      91";"      11";"      89"
"37";"  999";"53110";"2010XX00";"       8";"      92";"      11";"      89"
"38";"  999";"53110";"2010JJ00";"      13";"      87";"      14";"      86"
"39";"  999";"53110";"2012JJ00";"      12";"      88";"      15";"      85"
"40";"  999";"53705";"2003JJ00";"      12";"      88";"      14";"      86"
"41";"  999";"53705";"2004JJ00";"      12";"      88";"      14";"      86"
"42";"  999";"53705";"2005JJ00";"      12";"      88";"      14";"      86"
"43";"  999";"53705";"2006JJ00";"      12";"      88";"      14";"      86"
"44";"  999";"53705";"2007JJ00";"      11";"      89";"      13";"      87"
"45";"  999";"53705";"2008JJ00";"      13";"      87";"      14";"      86"
"46";"  999";"53705";"2009JJ00";"      11";"      89";"      14";"      86"
"47";"  999";"53705";"2010XX00";"      12";"      88";"      15";"      85"
"48";"  999";"53705";"2010JJ00";"      16";"      84";"      16";"      84"
"49";"  999";"53705";"2012JJ00";"      16";"      84";"      17";"      83"
"50";"  999";"53850";"2003JJ00";"      14";"      86";"      13";"      87"
"51";"  999";"53850";"2004JJ00";"      14";"      86";"      14";"      86"
"52";"  999";"53850";"2005JJ00";"      15";"      85";"      16";"      84"
"53";"  999";"53850";"2006JJ00";"      13";"      87";"      15";"      85"
"54";"  999";"53850";"2007JJ00";"      14";"      86";"      14";"      86"
"55";"  999";"53850";"2008JJ00";"      13";"      87";"      12";"      88"
"56";"  999";"53850";"2009JJ00";"      11";"      89";"      13";"      87"
"57";"  999";"53850";"2010XX00";"      14";"      86";"      15";"      85"
"58";"  999";"53850";"2010JJ00";"      17";"      83";"      16";"      84"
"59";"  999";"53850";"2012JJ00";"      22";"      78";"      21";"      79"
"60";"  999";"15700";"2003JJ00";"      18";"      82";"      15";"      85"
"61";"  999";"15700";"2004JJ00";"      17";"      83";"      13";"      87"
"62";"  999";"15700";"2005JJ00";"      17";"      83";"      13";"      87"
"63";"  999";"15700";"2006JJ00";"      15";"      85";"      12";"      88"
"64";"  999";"15700";"2007JJ00";"      16";"      84";"      14";"      86"
"65";"  999";"15700";"2008JJ00";"      15";"      85";"      12";"      88"
"66";"  999";"15700";"2009JJ00";"      15";"      85";"      13";"      87"
"67";"  999";"15700";"2010XX00";"      18";"      82";"      14";"      86"
"68";"  999";"15700";"2010JJ00";"      20";"      80";"      16";"      84"
"69";"  999";"15700";"2012JJ00";"      18";"      82";"      15";"      85"
"70";"  999";"12600";"2003JJ00";"      11";"      89";"      12";"      88"
"71";"  999";"12600";"2004JJ00";"      11";"      89";"      12";"      88"
"72";"  999";"12600";"2005JJ00";"      11";"      89";"      12";"      88"
"73";"  999";"12600";"2006JJ00";"      10";"      90";"      12";"      88"
"74";"  999";"12600";"2007JJ00";"      11";"      89";"      12";"      88"
"75";"  999";"12600";"2008JJ00";"      10";"      90";"      11";"      89"
"76";"  999";"12600";"2009JJ00";"      10";"      90";"      11";"      89"
"77";"  999";"12600";"2010XX00";"      11";"      89";"      12";"      88"
"78";"  999";"12600";"2010JJ00";"      15";"      85";"      15";"      85"
"79";"  999";"12600";"2012JJ00";"      16";"      84";"      16";"      84"
"80";"  999";"12650";"2003JJ00";"      17";"      83";"      16";"      84"
"81";"  999";"12650";"2004JJ00";"      14";"      86";"      16";"      84"
"82";"  999";"12650";"2005JJ00";"      17";"      83";"      15";"      85"
"83";"  999";"12650";"2006JJ00";"      13";"      87";"      16";"      84"
"84";"  999";"12650";"2007JJ00";"      15";"      85";"      16";"      84"
"85";"  999";"12650";"2008JJ00";"      15";"      85";"      15";"      85"
"86";"  999";"12650";"2009JJ00";"      12";"      88";"      17";"      83"
"87";"  999";"12650";"2010XX00";"      15";"      85";"      18";"      82"
"88";"  999";"12650";"2010JJ00";"      19";"      81";"      18";"      82"
"89";"  999";"12650";"2012JJ00";"      19";"      81";"      21";"      79"
"90";"  999";"13000";"2003JJ00";"      28";"      72";"      25";"      75"
"91";"  999";"13000";"2004JJ00";"      28";"      72";"      27";"      73"
"92";"  999";"13000";"2005JJ00";"      28";"      72";"      27";"      73"
"93";"  999";"13000";"2006JJ00";"      22";"      78";"      28";"      72"
"94";"  999";"13000";"2007JJ00";"      25";"      75";"      19";"      81"
"95";"  999";"13000";"2008JJ00";"      23";"      77";"      19";"      81"
"96";"  999";"13000";"2009JJ00";"      22";"      78";"      24";"      76"
"97";"  999";"13000";"2010XX00";"      23";"      77";"      22";"      78"
"98";"  999";"13000";"2010JJ00";"      26";"      74";"      20";"      80"
"99";"  999";"13000";"2012JJ00";"      23";"      77";"      25";"      75"
"100";"18550";"10001";"2003JJ00";"      18";"      82";"      18";"      82"
"101";"18550";"10001";"2004JJ00";"      17";"      83";"      18";"      82"
"102";"18550";"10001";"2005JJ00";"      18";"      82";"      18";"      82"
"103";"18550";"10001";"2006JJ00";"      15";"      85";"      19";"      81"
"104";"18550";"10001";"2007JJ00";"      19";"      81";"      18";"      82"
"105";"18550";"10001";"2008JJ00";"      14";"      86";"      15";"      85"
"106";"18550";"10001";"2009JJ00";"      15";"      85";"      16";"      84"
"107";"18550";"10001";"2010XX00";"      14";"      86";"      18";"      82"
"108";"18550";"10001";"2010JJ00";"      19";"      81";"      19";"      81"
"109";"18550";"10001";"2012JJ00";"      17";"      83";"      22";"      78"
"110";"18550";"15400";"2003JJ00";"      16";"      84";"      16";"      84"
"111";"18550";"15400";"2004JJ00";"      16";"      84";"      20";"      80"
"112";"18550";"15400";"2005JJ00";"      19";"      81";"      17";"      83"
"113";"18550";"15400";"2006JJ00";"      11";"      89";"      16";"      84"
"114";"18550";"15400";"2007JJ00";"      16";"      84";"      16";"      84"
"115";"18550";"15400";"2008JJ00";"      16";"      84";"      17";"      83"
"116";"18550";"15400";"2009JJ00";"      14";"      86";"      14";"      86"
"117";"18550";"15400";"2010XX00";"      10";"      90";"      17";"      83"
"118";"18550";"15400";"2010JJ00";"      17";"      83";"      17";"      83"
"119";"18550";"15400";"2012JJ00";"      20";"      80";"      23";"      77"
"120";"18550";"15450";"2003JJ00";"      20";"      80";"      19";"      81"
"121";"18550";"15450";"2004JJ00";"      18";"      82";"      17";"      83"
"122";"18550";"15450";"2005JJ00";"      17";"      83";"      19";"      81"
"123";"18550";"15450";"2006JJ00";"      18";"      82";"      21";"      79"
"124";"18550";"15450";"2007JJ00";"      21";"      79";"      19";"      81"
"125";"18550";"15450";"2008JJ00";"      12";"      88";"      13";"      87"
"126";"18550";"15450";"2009JJ00";"      16";"      84";"      18";"      82"
"127";"18550";"15450";"2010XX00";"      18";"      82";"      19";"      81"
"128";"18550";"15450";"2010JJ00";"      22";"      78";"      21";"      79"
"129";"18550";"15450";"2012JJ00";"      15";"      85";"      20";"      80"
"130";"18550";"53110";"2003JJ00";"      14";"      86";"      15";"      85"
"131";"18550";"53110";"2004JJ00";"      12";"      88";"      16";"      84"
"132";"18550";"53110";"2005JJ00";"      14";"      86";"      14";"      86"
"133";"18550";"53110";"2006JJ00";"      11";"      89";"      16";"      84"
"134";"18550";"53110";"2007JJ00";"      15";"      85";"      15";"      85"
"135";"18550";"53110";"2008JJ00";"       9";"      91";"      11";"      89"
"136";"18550";"53110";"2009JJ00";"      10";"      90";"      11";"      89"
"137";"18550";"53110";"2010XX00";"       7";"      93";"      11";"      89"
"138";"18550";"53110";"2010JJ00";"      15";"      85";"      15";"      85"
"139";"18550";"53110";"2012JJ00";"       .";"       .";"       .";"       ."
"140";"18550";"53705";"2003JJ00";"      20";"      80";"      19";"      81"
"141";"18550";"53705";"2004JJ00";"      18";"      82";"      21";"      79"
"142";"18550";"53705";"2005JJ00";"      21";"      79";"      22";"      78"
"143";"18550";"53705";"2006JJ00";"      18";"      82";"      23";"      77"
"144";"18550";"53705";"2007JJ00";"      17";"      83";"      17";"      83"
"145";"18550";"53705";"2008JJ00";"      15";"      85";"      17";"      83"
"146";"18550";"53705";"2009JJ00";"      17";"      83";"      20";"      80"
"147";"18550";"53705";"2010XX00";"      15";"      85";"      24";"      76"
"148";"18550";"53705";"2010JJ00";"      20";"      80";"      18";"      82"
"149";"18550";"53705";"2012JJ00";"       .";"       .";"       .";"       ."
"150";"18550";"53850";"2003JJ00";"      19";"      81";"      18";"      82"
"151";"18550";"53850";"2004JJ00";"      22";"      78";"      21";"      79"
"152";"18550";"53850";"2005JJ00";"      20";"      80";"      19";"      81"
"153";"18550";"53850";"2006JJ00";"      19";"      81";"      22";"      78"
"154";"18550";"53850";"2007JJ00";"      22";"      78";"      18";"      82"
"155";"18550";"53850";"2008JJ00";"      17";"      83";"      16";"      84"
"156";"18550";"53850";"2009JJ00";"      17";"      83";"      21";"      79"
"157";"18550";"53850";"2010XX00";"      19";"      81";"      18";"      82"
"158";"18550";"53850";"2010JJ00";"      19";"      81";"      21";"      79"
"159";"18550";"53850";"2012JJ00";"       .";"       .";"       .";"       ."
"160";"18550";"15700";"2003JJ00";"      21";"      79";"      19";"      81"
"161";"18550";"15700";"2004JJ00";"      23";"      77";"      16";"      84"
"162";"18550";"15700";"2005JJ00";"      18";"      82";"      20";"      80"
"163";"18550";"15700";"2006JJ00";"      14";"      86";"      13";"      87"
"164";"18550";"15700";"2007JJ00";"      24";"      76";"      24";"      76"
"165";"18550";"15700";"2008JJ00";"      17";"      83";"      16";"      84"
"166";"18550";"15700";"2009JJ00";"      17";"      83";"      16";"      84"
"167";"18550";"15700";"2010XX00";"       .";"       .";"       .";"       ."
"168";"18550";"15700";"2010JJ00";"      27";"      73";"      26";"      74"
"169";"18550";"15700";"2012JJ00";"       .";"       .";"       .";"       ."
"170";"18550";"12600";"2003JJ00";"      14";"      86";"      16";"      84"
"171";"18550";"12600";"2004JJ00";"      14";"      86";"      14";"      86"
"172";"18550";"12600";"2005JJ00";"      13";"      87";"      15";"      85"
"173";"18550";"12600";"2006JJ00";"      12";"      88";"      14";"      86"
"174";"18550";"12600";"2007JJ00";"      14";"      86";"      15";"      85"
"175";"18550";"12600";"2008JJ00";"      11";"      89";"      14";"      86"
"176";"18550";"12600";"2009JJ00";"      12";"      88";"      13";"      87"
"177";"18550";"12600";"2010XX00";"      11";"      89";"      13";"      87"
"178";"18550";"12600";"2010JJ00";"      17";"      83";"      18";"      82"
"179";"18550";"12600";"2012JJ00";"      16";"      84";"      19";"      81"
"180";"18550";"12650";"2003JJ00";"      19";"      81";"      15";"      85"
"181";"18550";"12650";"2004JJ00";"      12";"      88";"      17";"      83"
"182";"18550";"12650";"2005JJ00";"      16";"      84";"      19";"      81"
"183";"18550";"12650";"2006JJ00";"      13";"      87";"      20";"      80"
"184";"18550";"12650";"2007JJ00";"      24";"      76";"      22";"      78"
"185";"18550";"12650";"2008JJ00";"      14";"      86";"      14";"      86"
"186";"18550";"12650";"2009JJ00";"      15";"      85";"      17";"      83"
"187";"18550";"12650";"2010XX00";"       .";"       .";"       .";"       ."
"188";"18550";"12650";"2010JJ00";"       .";"       .";"       .";"       ."
"189";"18550";"12650";"2012JJ00";"       .";"       .";"       .";"       ."
"190";"18550";"13000";"2003JJ00";"      33";"      67";"      28";"      72"
"191";"18550";"13000";"2004JJ00";"      30";"      70";"      31";"      69"
"192";"18550";"13000";"2005JJ00";"      33";"      67";"      28";"      72"
"193";"18550";"13000";"2006JJ00";"      23";"      77";"      30";"      70"
"194";"18550";"13000";"2007JJ00";"      29";"      71";"      23";"      77"
"195";"18550";"13000";"2008JJ00";"      21";"      79";"      16";"      84"
"196";"18550";"13000";"2009JJ00";"      21";"      79";"      24";"      76"
"197";"18550";"13000";"2010XX00";"      21";"      79";"      27";"      73"
"198";"18550";"13000";"2010JJ00";"      24";"      76";"      20";"      80"
"199";"18550";"13000";"2012JJ00";"       .";"       .";"       .";"       ."
"200";"18900";"10001";"2003JJ00";"      14";"      86";"      14";"      86"
"201";"18900";"10001";"2004JJ00";"      14";"      86";"      14";"      86"
"202";"18900";"10001";"2005JJ00";"      15";"      85";"      17";"      83"
"203";"18900";"10001";"2006JJ00";"      12";"      88";"      14";"      86"
"204";"18900";"10001";"2007JJ00";"      12";"      88";"      13";"      87"
"205";"18900";"10001";"2008JJ00";"      14";"      86";"      14";"      86"
"206";"18900";"10001";"2009JJ00";"      12";"      88";"      14";"      86"
"207";"18900";"10001";"2010XX00";"      14";"      86";"      15";"      85"
"208";"18900";"10001";"2010JJ00";"      16";"      84";"      16";"      84"
"209";"18900";"10001";"2012JJ00";"      19";"      81";"      18";"      82"
"210";"18900";"15400";"2003JJ00";"      14";"      86";"      14";"      86"
"211";"18900";"15400";"2004JJ00";"      13";"      87";"      13";"      87"
"212";"18900";"15400";"2005JJ00";"      14";"      86";"      17";"      83"
"213";"18900";"15400";"2006JJ00";"      11";"      89";"      13";"      87"
"214";"18900";"15400";"2007JJ00";"      11";"      89";"      12";"      88"
"215";"18900";"15400";"2008JJ00";"      13";"      87";"      12";"      88"
"216";"18900";"15400";"2009JJ00";"      10";"      90";"      13";"      87"
"217";"18900";"15400";"2010XX00";"      12";"      88";"      13";"      87"
"218";"18900";"15400";"2010JJ00";"      14";"      86";"      14";"      86"
"219";"18900";"15400";"2012JJ00";"      20";"      80";"      18";"      82"
"220";"18900";"15450";"2003JJ00";"      14";"      86";"      14";"      86"
"221";"18900";"15450";"2004JJ00";"      15";"      85";"      16";"      84"
"222";"18900";"15450";"2005JJ00";"      15";"      85";"      16";"      84"
"223";"18900";"15450";"2006JJ00";"      13";"      87";"      14";"      86"
"224";"18900";"15450";"2007JJ00";"      14";"      86";"      13";"      87"
"225";"18900";"15450";"2008JJ00";"      14";"      86";"      15";"      85"
"226";"18900";"15450";"2009JJ00";"      14";"      86";"      15";"      85"
"227";"18900";"15450";"2010XX00";"      16";"      84";"      17";"      83"
"228";"18900";"15450";"2010JJ00";"      19";"      81";"      17";"      83"
"229";"18900";"15450";"2012JJ00";"      19";"      81";"      18";"      82"
"230";"18900";"53110";"2003JJ00";"      11";"      89";"      12";"      88"
"231";"18900";"53110";"2004JJ00";"      12";"      88";"      14";"      86"
"232";"18900";"53110";"2005JJ00";"      12";"      88";"      17";"      83"
"233";"18900";"53110";"2006JJ00";"       9";"      91";"      11";"      89"
"234";"18900";"53110";"2007JJ00";"       9";"      91";"       8";"      92"
"235";"18900";"53110";"2008JJ00";"       7";"      93";"      11";"      89"
"236";"18900";"53110";"2009JJ00";"      10";"      90";"      12";"      88"
"237";"18900";"53110";"2010XX00";"       9";"      91";"      12";"      88"
"238";"18900";"53110";"2010JJ00";"      15";"      85";"      16";"      84"
"239";"18900";"53110";"2012JJ00";"      14";"      86";"      16";"      84"
"240";"18900";"53705";"2003JJ00";"      12";"      88";"      15";"      85"
"241";"18900";"53705";"2004JJ00";"      13";"      87";"      14";"      86"
"242";"18900";"53705";"2005JJ00";"      13";"      87";"      16";"      84"
"243";"18900";"53705";"2006JJ00";"      11";"      89";"      16";"      84"
"244";"18900";"53705";"2007JJ00";"      11";"      89";"      14";"      86"
"245";"18900";"53705";"2008JJ00";"      18";"      82";"      16";"      84"
"246";"18900";"53705";"2009JJ00";"      10";"      90";"      14";"      86"
"247";"18900";"53705";"2010XX00";"      15";"      85";"      15";"      85"
"248";"18900";"53705";"2010JJ00";"      15";"      85";"      15";"      85"
"249";"18900";"53705";"2012JJ00";"      17";"      83";"      16";"      84"
"250";"18900";"53850";"2003JJ00";"      16";"      84";"      14";"      86"
"251";"18900";"53850";"2004JJ00";"      16";"      84";"      16";"      84"
"252";"18900";"53850";"2005JJ00";"      16";"      84";"      19";"      81"
"253";"18900";"53850";"2006JJ00";"      13";"      87";"      14";"      86"
"254";"18900";"53850";"2007JJ00";"      14";"      86";"      16";"      84"
"255";"18900";"53850";"2008JJ00";"      14";"      86";"      14";"      86"
"256";"18900";"53850";"2009JJ00";"      13";"      87";"      16";"      84"
"257";"18900";"53850";"2010XX00";"      15";"      85";"      16";"      84"
"258";"18900";"53850";"2010JJ00";"      19";"      81";"      15";"      85"
"259";"18900";"53850";"2012JJ00";"      27";"      73";"      26";"      74"
"260";"18900";"15700";"2003JJ00";"      19";"      81";"      16";"      84"
"261";"18900";"15700";"2004JJ00";"      17";"      83";"      13";"      87"
"262";"18900";"15700";"2005JJ00";"      18";"      82";"      13";"      87"
"263";"18900";"15700";"2006JJ00";"      17";"      83";"      12";"      88"
"264";"18900";"15700";"2007JJ00";"      18";"      82";"      14";"      86"
"265";"18900";"15700";"2008JJ00";"      18";"      82";"      14";"      86"
"266";"18900";"15700";"2009JJ00";"      18";"      82";"      15";"      85"
"267";"18900";"15700";"2010XX00";"      20";"      80";"      20";"      80"
"268";"18900";"15700";"2010JJ00";"      18";"      82";"      16";"      84"
"269";"18900";"15700";"2012JJ00";"      21";"      79";"      14";"      86"
"270";"18900";"12600";"2003JJ00";"      12";"      88";"      12";"      88"
"271";"18900";"12600";"2004JJ00";"      12";"      88";"      13";"      87"
"272";"18900";"12600";"2005JJ00";"      13";"      87";"      15";"      85"
"273";"18900";"12600";"2006JJ00";"      11";"      89";"      12";"      88"
"274";"18900";"12600";"2007JJ00";"      11";"      89";"      12";"      88"
"275";"18900";"12600";"2008JJ00";"      12";"      88";"      12";"      88"
"276";"18900";"12600";"2009JJ00";"      11";"      89";"      12";"      88"
"277";"18900";"12600";"2010XX00";"      12";"      88";"      14";"      86"
"278";"18900";"12600";"2010JJ00";"      14";"      86";"      15";"      85"
"279";"18900";"12600";"2012JJ00";"      18";"      82";"      17";"      83"
"280";"18900";"12650";"2003JJ00";"      18";"      82";"      19";"      81"
"281";"18900";"12650";"2004JJ00";"      15";"      85";"      16";"      84"
"282";"18900";"12650";"2005JJ00";"      18";"      82";"      19";"      81"
"283";"18900";"12650";"2006JJ00";"      12";"      88";"      13";"      87"
"284";"18900";"12650";"2007JJ00";"      13";"      87";"      15";"      85"
"285";"18900";"12650";"2008JJ00";"      14";"      86";"      18";"      82"
"286";"18900";"12650";"2009JJ00";"      14";"      86";"      19";"      81"
"287";"18900";"12650";"2010XX00";"       .";"       .";"       .";"       ."
"288";"18900";"12650";"2010JJ00";"      24";"      76";"      19";"      81"
"289";"18900";"12650";"2012JJ00";"       .";"       .";"       .";"       ."
"290";"18900";"13000";"2003JJ00";"      25";"      75";"      24";"      76"
"291";"18900";"13000";"2004JJ00";"      27";"      73";"      25";"      75"
"292";"18900";"13000";"2005JJ00";"      26";"      74";"      28";"      72"
"293";"18900";"13000";"2006JJ00";"      23";"      77";"      25";"      75"
"294";"18900";"13000";"2007JJ00";"      24";"      76";"      15";"      85"
"295";"18900";"13000";"2008JJ00";"      26";"      74";"      20";"      80"
"296";"18900";"13000";"2009JJ00";"      21";"      79";"      26";"      74"
"297";"18900";"13000";"2010XX00";"       .";"       .";"       .";"       ."
"298";"18900";"13000";"2010JJ00";"      24";"      76";"      20";"      80"
"299";"18900";"13000";"2012JJ00";"       .";"       .";"       .";"       ."
"300";"18950";"10001";"2003JJ00";"      12";"      88";"      13";"      87"
"301";"18950";"10001";"2004JJ00";"      11";"      89";"      13";"      87"
"302";"18950";"10001";"2005JJ00";"      11";"      89";"      11";"      89"
"303";"18950";"10001";"2006JJ00";"      12";"      88";"      13";"      87"
"304";"18950";"10001";"2007JJ00";"      10";"      90";"      10";"      90"
"305";"18950";"10001";"2008JJ00";"      11";"      89";"      11";"      89"
"306";"18950";"10001";"2009JJ00";"      10";"      90";"      13";"      87"
"307";"18950";"10001";"2010XX00";"      11";"      89";"      12";"      88"
"308";"18950";"10001";"2010JJ00";"      15";"      85";"      14";"      86"
"309";"18950";"10001";"2012JJ00";"      16";"      84";"      14";"      86"
"310";"18950";"15400";"2003JJ00";"      10";"      90";"      12";"      88"
"311";"18950";"15400";"2004JJ00";"      10";"      90";"      12";"      88"
"312";"18950";"15400";"2005JJ00";"       9";"      91";"      10";"      90"
"313";"18950";"15400";"2006JJ00";"      10";"      90";"      14";"      86"
"314";"18950";"15400";"2007JJ00";"      10";"      90";"      10";"      90"
"315";"18950";"15400";"2008JJ00";"      11";"      89";"      10";"      90"
"316";"18950";"15400";"2009JJ00";"       8";"      92";"      12";"      88"
"317";"18950";"15400";"2010XX00";"      10";"      90";"      12";"      88"
"318";"18950";"15400";"2010JJ00";"      15";"      85";"      15";"      85"
"319";"18950";"15400";"2012JJ00";"      17";"      83";"      14";"      86"
"320";"18950";"15450";"2003JJ00";"      13";"      87";"      14";"      86"
"321";"18950";"15450";"2004JJ00";"      13";"      87";"      13";"      87"
"322";"18950";"15450";"2005JJ00";"      13";"      87";"      12";"      88"
"323";"18950";"15450";"2006JJ00";"      13";"      87";"      13";"      87"
"324";"18950";"15450";"2007JJ00";"      10";"      90";"      10";"      90"
"325";"18950";"15450";"2008JJ00";"      12";"      88";"      12";"      88"
"326";"18950";"15450";"2009JJ00";"      12";"      88";"      14";"      86"
"327";"18950";"15450";"2010XX00";"      12";"      88";"      11";"      89"
"328";"18950";"15450";"2010JJ00";"      15";"      85";"      12";"      88"
"329";"18950";"15450";"2012JJ00";"      14";"      86";"      13";"      87"
"330";"18950";"53110";"2003JJ00";"       8";"      92";"      11";"      89"
"331";"18950";"53110";"2004JJ00";"       7";"      93";"       9";"      91"
"332";"18950";"53110";"2005JJ00";"       8";"      92";"      11";"      89"
"333";"18950";"53110";"2006JJ00";"       9";"      91";"      14";"      86"
"334";"18950";"53110";"2007JJ00";"       6";"      94";"       7";"      93"
"335";"18950";"53110";"2008JJ00";"       9";"      91";"       8";"      92"
"336";"18950";"53110";"2009JJ00";"      12";"      88";"      15";"      85"
"337";"18950";"53110";"2010XX00";"       7";"      93";"      10";"      90"
"338";"18950";"53110";"2010JJ00";"      12";"      88";"      10";"      90"
"339";"18950";"53110";"2012JJ00";"       .";"       .";"       .";"       ."
"340";"18950";"53705";"2003JJ00";"      12";"      88";"      14";"      86"
"341";"18950";"53705";"2004JJ00";"      11";"      89";"      15";"      85"
"342";"18950";"53705";"2005JJ00";"      10";"      90";"      10";"      90"
"343";"18950";"53705";"2006JJ00";"       9";"      91";"      13";"      87"
"344";"18950";"53705";"2007JJ00";"       9";"      91";"      10";"      90"
"345";"18950";"53705";"2008JJ00";"      12";"      88";"      12";"      88"
"346";"18950";"53705";"2009JJ00";"       9";"      91";"      13";"      87"
"347";"18950";"53705";"2010XX00";"      10";"      90";"       9";"      91"
"348";"18950";"53705";"2010JJ00";"      16";"      84";"      16";"      84"
"349";"18950";"53705";"2012JJ00";"      11";"      89";"      10";"      90"
"350";"18950";"53850";"2003JJ00";"      13";"      87";"      14";"      86"
"351";"18950";"53850";"2004JJ00";"      12";"      88";"      13";"      87"
"352";"18950";"53850";"2005JJ00";"      12";"      88";"      15";"      85"
"353";"18950";"53850";"2006JJ00";"      14";"      86";"      15";"      85"
"354";"18950";"53850";"2007JJ00";"      12";"      88";"      12";"      88"
"355";"18950";"53850";"2008JJ00";"      12";"      88";"      10";"      90"
"356";"18950";"53850";"2009JJ00";"       9";"      91";"      11";"      89"
"357";"18950";"53850";"2010XX00";"      12";"      88";"      15";"      85"
"358";"18950";"53850";"2010JJ00";"      16";"      84";"      16";"      84"
"359";"18950";"53850";"2012JJ00";"      21";"      79";"      20";"      80"
"360";"18950";"15700";"2003JJ00";"      17";"      83";"      15";"      85"
"361";"18950";"15700";"2004JJ00";"      17";"      83";"      13";"      87"
"362";"18950";"15700";"2005JJ00";"      16";"      84";"       9";"      91"
"363";"18950";"15700";"2006JJ00";"      17";"      83";"      12";"      88"
"364";"18950";"15700";"2007JJ00";"      13";"      87";"      10";"      90"
"365";"18950";"15700";"2008JJ00";"      14";"      86";"      14";"      86"
"366";"18950";"15700";"2009JJ00";"      12";"      88";"      11";"      89"
"367";"18950";"15700";"2010XX00";"      16";"      84";"      13";"      87"
"368";"18950";"15700";"2010JJ00";"      17";"      83";"      14";"      86"
"369";"18950";"15700";"2012JJ00";"       .";"       .";"       .";"       ."
"370";"18950";"12600";"2003JJ00";"      11";"      89";"      13";"      87"
"371";"18950";"12600";"2004JJ00";"      10";"      90";"      11";"      89"
"372";"18950";"12600";"2005JJ00";"      10";"      90";"      10";"      90"
"373";"18950";"12600";"2006JJ00";"      11";"      89";"      13";"      87"
"374";"18950";"12600";"2007JJ00";"       9";"      91";"      10";"      90"
"375";"18950";"12600";"2008JJ00";"      10";"      90";"      11";"      89"
"376";"18950";"12600";"2009JJ00";"       9";"      91";"      11";"      89"
"377";"18950";"12600";"2010XX00";"      10";"      90";"      10";"      90"
"378";"18950";"12600";"2010JJ00";"      14";"      86";"      14";"      86"
"379";"18950";"12600";"2012JJ00";"      14";"      86";"      12";"      88"
"380";"18950";"12650";"2003JJ00";"      15";"      85";"      15";"      85"
"381";"18950";"12650";"2004JJ00";"      15";"      85";"      17";"      83"
"382";"18950";"12650";"2005JJ00";"      15";"      85";"       9";"      91"
"383";"18950";"12650";"2006JJ00";"      12";"      88";"      12";"      88"
"384";"18950";"12650";"2007JJ00";"      12";"      88";"      11";"      89"
"385";"18950";"12650";"2008JJ00";"      16";"      84";"      13";"      87"
"386";"18950";"12650";"2009JJ00";"      11";"      89";"      16";"      84"
"387";"18950";"12650";"2010XX00";"       .";"       .";"       .";"       ."
"388";"18950";"12650";"2010JJ00";"       .";"       .";"       .";"       ."
"389";"18950";"12650";"2012JJ00";"       .";"       .";"       .";"       ."
"390";"18950";"13000";"2003JJ00";"      24";"      76";"      23";"      77"
"391";"18950";"13000";"2004JJ00";"      25";"      75";"      26";"      74"
"392";"18950";"13000";"2005JJ00";"       .";"       .";"       .";"       ."
"393";"18950";"13000";"2006JJ00";"       .";"       .";"       .";"       ."
"394";"18950";"13000";"2007JJ00";"       .";"       .";"       .";"       ."
"395";"18950";"13000";"2008JJ00";"       .";"       .";"       .";"       ."
"396";"18950";"13000";"2009JJ00";"       .";"       .";"       .";"       ."
"397";"18950";"13000";"2010XX00";"       .";"       .";"       .";"       ."
"398";"18950";"13000";"2010JJ00";"       .";"       .";"       .";"       ."
"399";"18950";"13000";"2012JJ00";"       .";"       .";"       .";"       ."
"400";"19000";"10001";"2003JJ00";"      10";"      90";"      11";"      89"
"401";"19000";"10001";"2004JJ00";"      10";"      90";"      11";"      89"
"402";"19000";"10001";"2005JJ00";"      11";"      89";"      12";"      88"
"403";"19000";"10001";"2006JJ00";"      10";"      90";"      11";"      89"
"404";"19000";"10001";"2007JJ00";"      10";"      90";"      13";"      87"
"405";"19000";"10001";"2008JJ00";"       9";"      91";"      10";"      90"
"406";"19000";"10001";"2009JJ00";"      10";"      90";"       9";"      91"
"407";"19000";"10001";"2010XX00";"      10";"      90";"      10";"      90"
"408";"19000";"10001";"2010JJ00";"      14";"      86";"      13";"      87"
"409";"19000";"10001";"2012JJ00";"      15";"      85";"      17";"      83"
"410";"19000";"15400";"2003JJ00";"      10";"      90";"      10";"      90"
"411";"19000";"15400";"2004JJ00";"       9";"      91";"       9";"      91"
"412";"19000";"15400";"2005JJ00";"      11";"      89";"      12";"      88"
"413";"19000";"15400";"2006JJ00";"       9";"      91";"      10";"      90"
"414";"19000";"15400";"2007JJ00";"       9";"      91";"      12";"      88"
"415";"19000";"15400";"2008JJ00";"       8";"      92";"       8";"      92"
"416";"19000";"15400";"2009JJ00";"       8";"      92";"      10";"      90"
"417";"19000";"15400";"2010XX00";"       9";"      91";"       9";"      91"
"418";"19000";"15400";"2010JJ00";"      12";"      88";"      12";"      88"
"419";"19000";"15400";"2012JJ00";"      16";"      84";"      17";"      83"
"420";"19000";"15450";"2003JJ00";"      10";"      90";"      11";"      89"
"421";"19000";"15450";"2004JJ00";"      12";"      88";"      12";"      88"
"422";"19000";"15450";"2005JJ00";"      12";"      88";"      12";"      88"
"423";"19000";"15450";"2006JJ00";"      11";"      89";"      11";"      89"
"424";"19000";"15450";"2007JJ00";"      12";"      88";"      14";"      86"
"425";"19000";"15450";"2008JJ00";"      10";"      90";"      12";"      88"
"426";"19000";"15450";"2009JJ00";"      11";"      89";"       9";"      91"
"427";"19000";"15450";"2010XX00";"      10";"      90";"      11";"      89"
"428";"19000";"15450";"2010JJ00";"      17";"      83";"      15";"      85"
"429";"19000";"15450";"2012JJ00";"      13";"      87";"      16";"      84"
"430";"19000";"53110";"2003JJ00";"       7";"      93";"       9";"      91"
"431";"19000";"53110";"2004JJ00";"       8";"      92";"      10";"      90"
"432";"19000";"53110";"2005JJ00";"       7";"      93";"      10";"      90"
"433";"19000";"53110";"2006JJ00";"       5";"      95";"       9";"      91"
"434";"19000";"53110";"2007JJ00";"       8";"      92";"      12";"      88"
"435";"19000";"53110";"2008JJ00";"       5";"      95";"       8";"      92"
"436";"19000";"53110";"2009JJ00";"       6";"      94";"       8";"      92"
"437";"19000";"53110";"2010XX00";"      12";"      88";"       9";"      91"
"438";"19000";"53110";"2010JJ00";"      12";"      88";"      12";"      88"
"439";"19000";"53110";"2012JJ00";"       .";"       .";"       .";"       ."
"440";"19000";"53705";"2003JJ00";"       9";"      91";"      12";"      88"
"441";"19000";"53705";"2004JJ00";"       9";"      91";"      10";"      90"
"442";"19000";"53705";"2005JJ00";"       9";"      91";"      12";"      88"
"443";"19000";"53705";"2006JJ00";"      11";"      89";"      10";"      90"
"444";"19000";"53705";"2007JJ00";"       9";"      91";"      15";"      85"
"445";"19000";"53705";"2008JJ00";"       9";"      91";"      10";"      90"
"446";"19000";"53705";"2009JJ00";"      10";"      90";"      12";"      88"
"447";"19000";"53705";"2010XX00";"       6";"      94";"      11";"      89"
"448";"19000";"53705";"2010JJ00";"      14";"      86";"      14";"      86"
"449";"19000";"53705";"2012JJ00";"      14";"      86";"      18";"      82"
"450";"19000";"53850";"2003JJ00";"      12";"      88";"      11";"      89"
"451";"19000";"53850";"2004JJ00";"      11";"      89";"      11";"      89"
"452";"19000";"53850";"2005JJ00";"      13";"      87";"      14";"      86"
"453";"19000";"53850";"2006JJ00";"      12";"      88";"      12";"      88"
"454";"19000";"53850";"2007JJ00";"      12";"      88";"      12";"      88"
"455";"19000";"53850";"2008JJ00";"      11";"      89";"      12";"      88"
"456";"19000";"53850";"2009JJ00";"      10";"      90";"       8";"      92"
"457";"19000";"53850";"2010XX00";"       8";"      92";"      10";"      90"
"458";"19000";"53850";"2010JJ00";"      14";"      86";"      14";"      86"
"459";"19000";"53850";"2012JJ00";"      18";"      82";"      19";"      81"
"460";"19000";"15700";"2003JJ00";"      15";"      85";"      11";"      89"
"461";"19000";"15700";"2004JJ00";"      15";"      85";"      13";"      87"
"462";"19000";"15700";"2005JJ00";"      18";"      82";"      13";"      87"
"463";"19000";"15700";"2006JJ00";"      13";"      87";"      11";"      89"
"464";"19000";"15700";"2007JJ00";"      12";"      88";"      13";"      87"
"465";"19000";"15700";"2008JJ00";"      13";"      87";"       9";"      91"
"466";"19000";"15700";"2009JJ00";"      14";"      86";"      10";"      90"
"467";"19000";"15700";"2010XX00";"      16";"      84";"       9";"      91"
"468";"19000";"15700";"2010JJ00";"      19";"      81";"      12";"      88"
"469";"19000";"15700";"2012JJ00";"       .";"       .";"      17";"      83"
"470";"19000";"12600";"2003JJ00";"       9";"      91";"      10";"      90"
"471";"19000";"12600";"2004JJ00";"       9";"      91";"      10";"      90"
"472";"19000";"12600";"2005JJ00";"      11";"      89";"      12";"      88"
"473";"19000";"12600";"2006JJ00";"       9";"      91";"       9";"      91"
"474";"19000";"12600";"2007JJ00";"      10";"      90";"      12";"      88"
"475";"19000";"12600";"2008JJ00";"       8";"      92";"       8";"      92"
"476";"19000";"12600";"2009JJ00";"      10";"      90";"       9";"      91"
"477";"19000";"12600";"2010XX00";"       9";"      91";"      10";"      90"
"478";"19000";"12600";"2010JJ00";"      14";"      86";"      13";"      87"
"479";"19000";"12600";"2012JJ00";"      15";"      85";"      16";"      84"
"480";"19000";"12650";"2003JJ00";"      14";"      86";"      13";"      87"
"481";"19000";"12650";"2004JJ00";"      15";"      85";"      12";"      88"
"482";"19000";"12650";"2005JJ00";"      16";"      84";"      15";"      85"
"483";"19000";"12650";"2006JJ00";"      17";"      83";"      20";"      80"
"484";"19000";"12650";"2007JJ00";"       .";"       .";"       .";"       ."
"485";"19000";"12650";"2008JJ00";"      14";"      86";"      15";"      85"
"486";"19000";"12650";"2009JJ00";"       7";"      93";"      14";"      86"
"487";"19000";"12650";"2010XX00";"       .";"       .";"       .";"       ."
"488";"19000";"12650";"2010JJ00";"       .";"       .";"       .";"       ."
"489";"19000";"12650";"2012JJ00";"       .";"       .";"       .";"       ."
"490";"19000";"13000";"2003JJ00";"      23";"      77";"      18";"      82"
"491";"19000";"13000";"2004JJ00";"       .";"       .";"       .";"       ."
"492";"19000";"13000";"2005JJ00";"       .";"       .";"       .";"       ."
"493";"19000";"13000";"2006JJ00";"       .";"       .";"       .";"       ."
"494";"19000";"13000";"2007JJ00";"       .";"       .";"       .";"       ."
"495";"19000";"13000";"2008JJ00";"       .";"       .";"       .";"       ."
"496";"19000";"13000";"2009JJ00";"       .";"       .";"       .";"       ."
"497";"19000";"13000";"2010XX00";"       .";"       .";"       .";"       ."
"498";"19000";"13000";"2010JJ00";"       .";"       .";"       .";"       ."
"499";"19000";"13000";"2012JJ00";"       .";"       .";"       .";"       ."
"500";"19050";"10001";"2003JJ00";"      10";"      90";"      10";"      90"
"501";"19050";"10001";"2004JJ00";"       9";"      91";"      11";"      89"
"502";"19050";"10001";"2005JJ00";"      10";"      90";"      10";"      90"
"503";"19050";"10001";"2006JJ00";"       9";"      91";"      10";"      90"
"504";"19050";"10001";"2007JJ00";"      10";"      90";"      10";"      90"
"505";"19050";"10001";"2008JJ00";"       9";"      91";"       8";"      92"
"506";"19050";"10001";"2009JJ00";"       9";"      91";"      10";"      90"
"507";"19050";"10001";"2010XX00";"      13";"      87";"      13";"      87"
"508";"19050";"10001";"2010JJ00";"      16";"      84";"      15";"      85"
"509";"19050";"10001";"2012JJ00";"      15";"      85";"      13";"      87"
"510";"19050";"15400";"2003JJ00";"       9";"      91";"       9";"      91"
"511";"19050";"15400";"2004JJ00";"       8";"      92";"      10";"      90"
"512";"19050";"15400";"2005JJ00";"      10";"      90";"      11";"      89"
"513";"19050";"15400";"2006JJ00";"       7";"      93";"      10";"      90"
"514";"19050";"15400";"2007JJ00";"      10";"      90";"      11";"      89"
"515";"19050";"15400";"2008JJ00";"       9";"      91";"       9";"      91"
"516";"19050";"15400";"2009JJ00";"       8";"      92";"      10";"      90"
"517";"19050";"15400";"2010XX00";"      11";"      89";"      15";"      85"
"518";"19050";"15400";"2010JJ00";"      13";"      87";"      14";"      86"
"519";"19050";"15400";"2012JJ00";"      14";"      86";"      13";"      87"
"520";"19050";"15450";"2003JJ00";"      10";"      90";"      10";"      90"
"521";"19050";"15450";"2004JJ00";"      10";"      90";"      11";"      89"
"522";"19050";"15450";"2005JJ00";"      10";"      90";"       9";"      91"
"523";"19050";"15450";"2006JJ00";"      11";"      89";"      11";"      89"
"524";"19050";"15450";"2007JJ00";"      10";"      90";"      10";"      90"
"525";"19050";"15450";"2008JJ00";"       8";"      92";"       8";"      92"
"526";"19050";"15450";"2009JJ00";"      10";"      90";"      10";"      90"
"527";"19050";"15450";"2010XX00";"      14";"      86";"      12";"      88"
"528";"19050";"15450";"2010JJ00";"      19";"      81";"      16";"      84"
"529";"19050";"15450";"2012JJ00";"      16";"      84";"      14";"      86"
"530";"19050";"53110";"2003JJ00";"       6";"      94";"       8";"      92"
"531";"19050";"53110";"2004JJ00";"       8";"      92";"      10";"      90"
"532";"19050";"53110";"2005JJ00";"       8";"      92";"      13";"      87"
"533";"19050";"53110";"2006JJ00";"       6";"      94";"       8";"      92"
"534";"19050";"53110";"2007JJ00";"       6";"      94";"       8";"      92"
"535";"19050";"53110";"2008JJ00";"       3";"      97";"       4";"      96"
"536";"19050";"53110";"2009JJ00";"       5";"      95";"       7";"      93"
"537";"19050";"53110";"2010XX00";"       .";"       .";"       .";"       ."
"538";"19050";"53110";"2010JJ00";"       .";"       .";"       .";"       ."
"539";"19050";"53110";"2012JJ00";"       .";"       .";"       .";"       ."
"540";"19050";"53705";"2003JJ00";"       7";"      93";"       9";"      91"
"541";"19050";"53705";"2004JJ00";"       7";"      93";"      11";"      89"
"542";"19050";"53705";"2005JJ00";"       9";"      91";"       8";"      92"
"543";"19050";"53705";"2006JJ00";"       9";"      91";"       8";"      92"
"544";"19050";"53705";"2007JJ00";"       8";"      92";"      10";"      90"
"545";"19050";"53705";"2008JJ00";"       8";"      92";"      11";"      89"
"546";"19050";"53705";"2009JJ00";"       8";"      92";"      13";"      87"
"547";"19050";"53705";"2010XX00";"       .";"       .";"       .";"       ."
"548";"19050";"53705";"2010JJ00";"      15";"      85";"      16";"      84"
"549";"19050";"53705";"2012JJ00";"       .";"       .";"       .";"       ."
"550";"19050";"53850";"2003JJ00";"       9";"      91";"      11";"      89"
"551";"19050";"53850";"2004JJ00";"      10";"      90";"      10";"      90"
"552";"19050";"53850";"2005JJ00";"      13";"      87";"      12";"      88"
"553";"19050";"53850";"2006JJ00";"       8";"      92";"      11";"      89"
"554";"19050";"53850";"2007JJ00";"      13";"      87";"      12";"      88"
"555";"19050";"53850";"2008JJ00";"      12";"      88";"       9";"      91"
"556";"19050";"53850";"2009JJ00";"       8";"      92";"       7";"      93"
"557";"19050";"53850";"2010XX00";"       .";"       .";"       .";"       ."
"558";"19050";"53850";"2010JJ00";"      19";"      81";"      17";"      83"
"559";"19050";"53850";"2012JJ00";"       .";"       .";"       .";"       ."
"560";"19050";"15700";"2003JJ00";"      20";"      80";"      12";"      88"
"561";"19050";"15700";"2004JJ00";"      15";"      85";"      11";"      89"
"562";"19050";"15700";"2005JJ00";"      12";"      88";"       7";"      93"
"563";"19050";"15700";"2006JJ00";"      14";"      86";"      17";"      83"
"564";"19050";"15700";"2007JJ00";"      15";"      85";"      10";"      90"
"565";"19050";"15700";"2008JJ00";"      12";"      88";"       9";"      91"
"566";"19050";"15700";"2009JJ00";"      15";"      85";"      12";"      88"
"567";"19050";"15700";"2010XX00";"       .";"       .";"       .";"       ."
"568";"19050";"15700";"2010JJ00";"       .";"       .";"       .";"       ."
"569";"19050";"15700";"2012JJ00";"       .";"       .";"       .";"       ."
"570";"19050";"12600";"2003JJ00";"       9";"      91";"       9";"      91"
"571";"19050";"12600";"2004JJ00";"       9";"      91";"      10";"      90"
"572";"19050";"12600";"2005JJ00";"       9";"      91";"      10";"      90"
"573";"19050";"12600";"2006JJ00";"       9";"      91";"      10";"      90"
"574";"19050";"12600";"2007JJ00";"      10";"      90";"      10";"      90"
"575";"19050";"12600";"2008JJ00";"       8";"      92";"       8";"      92"
"576";"19050";"12600";"2009JJ00";"       8";"      92";"       9";"      91"
"577";"19050";"12600";"2010XX00";"      13";"      87";"      14";"      86"
"578";"19050";"12600";"2010JJ00";"      16";"      84";"      15";"      85"
"579";"19050";"12600";"2012JJ00";"      15";"      85";"      13";"      87"
"580";"19050";"12650";"2003JJ00";"      16";"      84";"      12";"      88"
"581";"19050";"12650";"2004JJ00";"       9";"      91";"      13";"      87"
"582";"19050";"12650";"2005JJ00";"       .";"       .";"       .";"       ."
"583";"19050";"12650";"2006JJ00";"       .";"       .";"       .";"       ."
"584";"19050";"12650";"2007JJ00";"       .";"       .";"       .";"       ."
"585";"19050";"12650";"2008JJ00";"       .";"       .";"       .";"       ."
"586";"19050";"12650";"2009JJ00";"       .";"       .";"       .";"       ."
"587";"19050";"12650";"2010XX00";"       .";"       .";"       .";"       ."
"588";"19050";"12650";"2010JJ00";"       .";"       .";"       .";"       ."
"589";"19050";"12650";"2012JJ00";"       .";"       .";"       .";"       ."
"590";"19050";"13000";"2003JJ00";"       .";"       .";"       .";"       ."
"591";"19050";"13000";"2004JJ00";"       .";"       .";"       .";"       ."
"592";"19050";"13000";"2005JJ00";"       .";"       .";"       .";"       ."
"593";"19050";"13000";"2006JJ00";"       .";"       .";"       .";"       ."
"594";"19050";"13000";"2007JJ00";"       .";"       .";"       .";"       ."
"595";"19050";"13000";"2008JJ00";"       .";"       .";"       .";"       ."
"596";"19050";"13000";"2009JJ00";"       .";"       .";"       .";"       ."
"597";"19050";"13000";"2010XX00";"       .";"       .";"       .";"       ."
"598";"19050";"13000";"2010JJ00";"       .";"       .";"       .";"       ."
"599";"19050";"13000";"2012JJ00";"       .";"       .";"       .";"       ."
